<!--
    Input:
        manifest_T70.xml
-->
<manifest version="2.0" type="device" target-level="5">
    <hal format="hidl" override="true">
        <name>android.hardware.biometrics.fingerprint</name>
        <transport>hwbinder</transport>
    </hal>
    <hal format="hidl">
        <name>android.hardware.gnss</name>
        <transport>hwbinder</transport>
        <fqname>@1.1::IGnss/default</fqname>
        <fqname>@2.0::IGnss/default</fqname>
    </hal>
    <hal format="hidl">
        <name>android.hardware.radio</name>
        <transport>hwbinder</transport>
        <version>1.4</version>
        <interface>
            <name>IRadio</name>
            <instance>slot1</instance>
        </interface>
        <fqname>@1.4::IRadio/slot1</fqname>
    </hal>
    <hal format="hidl">
        <name>android.hardware.radio.config</name>
        <transport>hwbinder</transport>
        <version>1.1</version>
        <interface>
            <name>IRadioConfig</name>
            <instance>default</instance>
        </interface>
        <fqname>@1.1::IRadioConfig/default</fqname>
    </hal>
    <hal format="hidl" override="true">
        <name>android.hardware.secure_element</name>
        <transport>hwbinder</transport>
    </hal>
    <hal format="hidl" override="true">
        <name>android.hardware.tetheroffload.config</name>
        <transport>hwbinder</transport>
    </hal>
    <hal format="hidl" override="true">
        <name>android.hardware.tetheroffload.control</name>
        <transport>hwbinder</transport>
    </hal>
    <hal format="hidl" override="true">
        <name>vendor.nxp.hardware.nfc</name>
        <transport>hwbinder</transport>
    </hal>
    <hal format="hidl" override="true">
        <name>vendor.qti.hardware.data.connection</name>
        <transport>hwbinder</transport>
    </hal>
    <hal format="hidl" override="true">
        <name>vendor.qti.hardware.data.iwlan</name>
        <transport>hwbinder</transport>
    </hal>
    <hal format="hidl" override="true">
        <name>vendor.qti.hardware.fingerprint</name>
        <transport>hwbinder</transport>
    </hal>
    <hal format="hidl" override="true">
        <name>vendor.qti.hardware.radio.am</name>
        <transport>hwbinder</transport>
    </hal>
    <hal format="hidl" override="true">
        <name>vendor.qti.hardware.radio.ims</name>
        <transport>hwbinder</transport>
    </hal>
    <hal format="hidl" override="true">
        <name>vendor.qti.hardware.radio.internal.deviceinfo</name>
        <transport>hwbinder</transport>
    </hal>
    <hal format="hidl" override="true">
        <name>vendor.qti.hardware.radio.lpa</name>
        <transport>hwbinder</transport>
    </hal>
    <hal format="hidl" override="true">
        <name>vendor.qti.hardware.radio.qcrilhook</name>
        <transport>hwbinder</transport>
    </hal>
    <hal format="hidl" override="true">
        <name>vendor.qti.hardware.radio.qtiradio</name>
        <transport>hwbinder</transport>
    </hal>
    <hal format="hidl" override="true">
        <name>vendor.qti.hardware.radio.uim</name>
        <transport>hwbinder</transport>
    </hal>
    <hal format="hidl" override="true">
        <name>vendor.qti.hardware.radio.uim_remote_client</name>
        <transport>hwbinder</transport>
    </hal>
    <hal format="hidl" override="true">
        <name>vendor.qti.hardware.radio.uim_remote_server</name>
        <transport>hwbinder</transport>
    </hal>
    <kernel target-level="5"/>
</manifest>
